{
  "cfg": {
    "grid_h": 50,
    "grid_w": 50,
    "n_channels": 12,
    "backbone_channels": 32,
    "n_blocks": 3,
    "n_action_channels": 8,
    "value_hidden": 128
  },
  "training_history": {
    "train_total": [
      3.1523550776176923,
      2.669541062405683,
      2.5989051119808355,
      2.571672321803257,
      2.558203083731477
    ],
    "train_ce": [
      2.398153060210854,
      2.0893766931364732,
      2.0799655269218293,
      2.0765600821068664,
      2.0749782237628662
    ],
    "train_mse": [
      0.7542020180379101,
      0.5801643703074769,
      0.5189395877747235,
      0.4951122332672455,
      0.4832248535232433
    ],
    "val_ce": [
      2.1019853417164316,
      2.0825965993256035,
      2.077658890626525,
      2.0756137138602195,
      2.0744982894176016
    ],
    "val_mse": [
      0.6477384515862322,
      0.5424405633673137,
      0.5231270972622896,
      0.4899363892444029,
      0.4987539497150737
    ],
    "wall_seconds": [
      6.218212200095877,
      11.26595910009928,
      16.448207800043747,
      21.30422350007575,
      26.178856400074437
    ]
  },
  "training_args": {
    "demos": "..\\..\\..\\runs\\closed_loop_iter1_postfix\\demos_iter1_big.npz",
    "bc_checkpoint": "..\\..\\..\\runs\\bc_warmstart_small_cpu.pt",
    "out": "runs\\az_iter1_smoke.pt",
    "epochs": 5,
    "batch_size": 256,
    "lr": 0.001,
    "val_frac": 0.1,
    "device": "cuda",
    "seed": 0,
    "lambda_p": 1.0,
    "lambda_v": 1.0,
    "lambda_l2": 0.0001,
    "policy_tau": 1.5,
    "policy_eps": 0.5,
    "unfreeze_backbone_after_epoch": -1
  },
  "n_demos": 40823
}