{
  "cfg": {
    "grid_h": 50,
    "grid_w": 50,
    "n_channels": 12,
    "backbone_channels": 32,
    "n_blocks": 3,
    "n_action_channels": 8,
    "value_hidden": 128
  },
  "training_history": {
    "train_total": [
      3.1523550776176923,
      2.669541062405683,
      2.5989051119808355,
      2.571672321803257,
      2.558203083731477,
      2.549283791463119,
      2.5408451069238764,
      2.5342790351870894,
      2.52797206994974,
      2.5227497990092895,
      2.5181469131588714,
      2.512807257540591,
      2.506331869599439,
      2.5029482649996306,
      2.5007397326772622
    ],
    "train_ce": [
      2.398153060210854,
      2.0893766931364732,
      2.0799655269218293,
      2.0765600821068664,
      2.0749782237628662,
      2.0741031787530515,
      2.073560565814706,
      2.0732243033162243,
      2.072998321950898,
      2.0728528540225475,
      2.072759715614164,
      2.072698398094679,
      2.0726370625612587,
      2.0726156093601773,
      2.072607073039307
    ],
    "train_mse": [
      0.7542020180379101,
      0.5801643703074769,
      0.5189395877747235,
      0.4951122332672455,
      0.4832248535232433,
      0.4751806135569039,
      0.467284533625536,
      0.4610547294869063,
      0.4549737464454969,
      0.4498969465400874,
      0.44538720305969004,
      0.4401088546698836,
      0.4336948107759421,
      0.4303326536708014,
      0.42813265944652446
    ],
    "val_ce": [
      2.1019853417164316,
      2.0825965993256035,
      2.077658890626525,
      2.0756137138602195,
      2.0744982894176016,
      2.073812337788456,
      2.0734202228650807,
      2.073143514682708,
      2.073013518266617,
      2.0728311156712578,
      2.0728418739445944,
      2.0727201515059446,
      2.072677143527736,
      2.072687798887418,
      2.072679164887409
    ],
    "val_mse": [
      0.6477384515862322,
      0.5424405633673137,
      0.5231270972622896,
      0.4899363892444029,
      0.4987539497150737,
      0.48007220013768925,
      0.47636005067755227,
      0.4598907834171723,
      0.4533470655731685,
      0.4501434639935865,
      0.4483724057762019,
      0.4380562911718164,
      0.4388086546553752,
      0.44062262082847525,
      0.4323803525616993
    ],
    "wall_seconds": [
      5.3109474000521,
      10.05247810005676,
      14.805350000038743,
      19.531200800091028,
      24.21216740005184,
      28.865996100008488,
      33.526286800042726,
      37.999351800070144,
      42.43334300001152,
      46.83855610003229,
      51.25543630006723,
      56.006677900091745,
      60.664257700089365,
      65.42731400008779,
      70.14332040003501
    ]
  },
  "training_args": {
    "demos": "..\\..\\..\\runs\\closed_loop_iter1_postfix\\demos_iter1_big.npz",
    "bc_checkpoint": "..\\..\\..\\runs\\bc_warmstart_small_cpu.pt",
    "out": "runs\\az_v37.pt",
    "epochs": 15,
    "batch_size": 256,
    "lr": 0.001,
    "val_frac": 0.1,
    "device": "cuda",
    "seed": 0,
    "lambda_p": 1.0,
    "lambda_v": 1.0,
    "lambda_l2": 0.0001,
    "policy_tau": 1.5,
    "policy_eps": 0.5,
    "unfreeze_backbone_after_epoch": -1
  },
  "n_demos": 40823
}