{
  "cfg": {
    "grid_h": 50,
    "grid_w": 50,
    "n_channels": 12,
    "backbone_channels": 32,
    "n_blocks": 3,
    "n_action_channels": 8,
    "value_hidden": 128
  },
  "training_history": {
    "train_mse": [
      0.8452806811547661,
      0.7048966294911617,
      0.6008673763425221,
      0.5232179721566159,
      0.46711773288853575,
      0.43206140746300525,
      0.407493029668752,
      0.3891656206849879,
      0.3779472151718945,
      0.3650956095550542,
      0.355692922721403,
      0.34606788020315826,
      0.337797814245126,
      0.333665340465715,
      0.3294477541308971,
      0.3237731334628589,
      0.31958919215685655,
      0.32149046086210087,
      0.3117016522677797,
      0.30688844638699286,
      0.30636925652028674,
      0.3030466384951918,
      0.302860518340699,
      0.3056803133535593,
      0.2983052203536729,
      0.2988542088654089,
      0.29132966216235295,
      0.2910086918150861,
      0.2875364370741337,
      0.2881202597005891
    ],
    "val_mse": [
      0.7874563336372375,
      0.6818807125091553,
      0.58214271068573,
      0.5123158097267151,
      0.46549245715141296,
      0.43515604734420776,
      0.412909597158432,
      0.4093458950519562,
      0.38075828552246094,
      0.3717731237411499,
      0.36579611897468567,
      0.35678327083587646,
      0.348023384809494,
      0.34868767857551575,
      0.33588629961013794,
      0.3352789282798767,
      0.329507976770401,
      0.32443103194236755,
      0.32210731506347656,
      0.319833368062973,
      0.3180249333381653,
      0.31358397006988525,
      0.31308677792549133,
      0.3213637173175812,
      0.3094632625579834,
      0.3031654357910156,
      0.30660074949264526,
      0.2992861270904541,
      0.3067660629749298,
      0.3085482716560364
    ],
    "wall_seconds": [
      32.43897709995508,
      63.38768329995219,
      96.31172130000778,
      125.8448403000366,
      154.23338240000885,
      182.56428849999793,
      210.28781240002718,
      239.60653869993985,
      267.8512614000356,
      297.6352792000398,
      326.0870149000548,
      354.9275507000275,
      384.69676820002496,
      414.5758447999833,
      443.2764645999996,
      472.1832214000169,
      503.7419611000223,
      533.807278500055,
      562.9638397999806,
      592.297894999967,
      622.8783073000377,
      653.6386650999775,
      683.5166525000241,
      712.6924190999707,
      741.1196876999456,
      771.7956703000236,
      801.9370049999561,
      832.1802163999528,
      861.0075773999561,
      891.5007841000333
    ]
  },
  "n_demos": 24006,
  "n_train": 21606,
  "n_val": 2400,
  "source_bc_checkpoint": "runs\\bc_warmstart_small_cpu.pt",
  "source_demos": "runs\\mcts_demos_v7_deep.npz"
}