{
  "cfg": {
    "grid_h": 50,
    "grid_w": 50,
    "n_channels": 12,
    "backbone_channels": 32,
    "n_blocks": 3,
    "n_action_channels": 8,
    "value_hidden": 128
  },
  "training_history": {
    "train_mse": [
      0.4955876071369871,
      0.3328995961444115,
      0.2007530666688078,
      0.14647177166526715,
      0.11705939946108074,
      0.0989102510094705,
      0.08821239659292648,
      0.08100321351535056,
      0.0750533311101935,
      0.07098034465058924,
      0.06760243482469873,
      0.06521656359751048,
      0.06323129848602287,
      0.06172541813234057,
      0.06063348834698364,
      0.05870789664273075,
      0.05762736572281202,
      0.05673150321730976,
      0.057044617902740284,
      0.05518183115008205,
      0.054849422618635714,
      0.05352192603305892,
      0.05316168543928814,
      0.05260293463795134,
      0.05325398621765332,
      0.051686900688520616,
      0.05192807194087564,
      0.05113979758832841,
      0.05072358036734011,
      0.05062004168846511
    ],
    "val_mse": [
      0.43315184116363525,
      0.2362086921930313,
      0.15876376628875732,
      0.11800085753202438,
      0.09551285207271576,
      0.08237071335315704,
      0.07698101550340652,
      0.0678902417421341,
      0.06500951200723648,
      0.06011815369129181,
      0.05770234018564224,
      0.05527423694729805,
      0.05404778942465782,
      0.051924463361501694,
      0.050552040338516235,
      0.049700234085321426,
      0.04929975047707558,
      0.04987071827054024,
      0.04978435859084129,
      0.048222411423921585,
      0.04568210244178772,
      0.045531339943408966,
      0.044213682413101196,
      0.04406512528657913,
      0.043257683515548706,
      0.042762938886880875,
      0.04391343891620636,
      0.04271660000085831,
      0.04163245111703873,
      0.04131419211626053
    ],
    "wall_seconds": [
      59.320297300000675,
      115.77476380008738,
      172.32297360000666,
      229.00581340002827,
      288.481526400079,
      348.1708548000315,
      408.0250929000322,
      467.9642392999958,
      527.7642122000689,
      587.7090979000786,
      648.8691080000717,
      709.1548160000239,
      767.763790099998,
      827.8596950999927,
      887.7932955999859,
      949.0641289000632,
      1011.0363424000097,
      1073.7884874000447,
      1135.5101060000015,
      1196.009369000094,
      1256.0285440000007,
      1319.3876033000415,
      1383.3786515999818,
      1445.0585175000597,
      1508.8274774000747,
      1574.8406586000929,
      1638.491487100022,
      1701.373948500026,
      1762.2628837000811,
      1825.1709693000885
    ]
  },
  "n_demos": 42494,
  "n_train": 38245,
  "n_val": 4249,
  "source_bc_checkpoint": "runs\\bc_warmstart_small_cpu.pt",
  "source_demos": "runs\\mcts_demos_v8_postfix.npz"
}