{
  "cfg": {
    "grid_h": 50,
    "grid_w": 50,
    "n_channels": 12,
    "backbone_channels": 32,
    "n_blocks": 3,
    "n_action_channels": 8,
    "value_hidden": 128
  },
  "training_history": {
    "train_mse": [
      0.8241508712975052,
      0.7004074746528977,
      0.561644481272275,
      0.42114292593716535,
      0.31700652090623166
    ],
    "val_mse": [
      0.7431502342224121,
      0.6282313466072083,
      0.4876680076122284,
      0.3751092553138733,
      0.2886197865009308
    ],
    "wall_seconds": [
      15.119147200020961,
      30.050707099959254,
      44.9335494999541,
      59.85536179994233,
      74.6711317000445
    ]
  },
  "n_demos": 11186,
  "n_train": 10068,
  "n_val": 1118,
  "source_bc_checkpoint": "runs\\bc_warmstart_small_cpu.pt",
  "source_demos": "runs\\mcts_demos_smoke_v6.npz"
}