{
  "cfg": {
    "grid_h": 50,
    "grid_w": 50,
    "n_channels": 12,
    "backbone_channels": 32,
    "n_blocks": 3,
    "n_action_channels": 8,
    "value_hidden": 128
  },
  "training_history": {
    "train_mse": [
      0.4989708455971782,
      0.19289937933142617,
      0.1493992521318047,
      0.13289292903326405,
      0.12383345773605954,
      0.1158998475504676,
      0.11034986196922501,
      0.10546962353585496,
      0.10120052783853938,
      0.09737611028930997,
      0.09356033575908798,
      0.08927886457616326,
      0.08665070288450039,
      0.08221189056748089,
      0.07813846838252535,
      0.07336386688066018,
      0.06827777738375243,
      0.06247827562754317,
      0.056739281823508014,
      0.05071090490941469
    ],
    "val_mse": [
      0.24966555833816528,
      0.15632525086402893,
      0.13673731684684753,
      0.12249533832073212,
      0.11470019817352295,
      0.10783550143241882,
      0.11006505787372589,
      0.09842158854007721,
      0.09625764191150665,
      0.09645720571279526,
      0.08790374547243118,
      0.08353811502456665,
      0.08014510571956635,
      0.07798653841018677,
      0.07515128701925278,
      0.07145585119724274,
      0.06453005224466324,
      0.06165805086493492,
      0.05023494362831116,
      0.04505143687129021
    ],
    "wall_seconds": [
      61.44824910000898,
      120.52002380008344,
      178.66140030010138,
      238.0283135001082,
      296.51922820007894,
      354.51113180001266,
      412.17001880006865,
      469.56626430002507,
      527.2520165001042,
      584.7762567000464,
      642.4403189000441,
      700.0582479001023,
      760.5413908000337,
      818.0844242000021,
      876.1613136000233,
      933.285857800045,
      990.4455467000371,
      1047.2055403999984,
      1104.3395066000521,
      1161.7082233000547
    ]
  },
  "n_demos": 50027,
  "n_train": 45025,
  "n_val": 5002,
  "source_bc_checkpoint": "runs\\bc_warmstart_small_cpu.pt",
  "source_demos": "runs\\mcts_demos_v6_with_outcomes.npz"
}