{
  "cfg": {
    "grid_h": 50,
    "grid_w": 50,
    "n_channels": 12,
    "backbone_channels": 64,
    "n_blocks": 6,
    "n_action_channels": 8,
    "value_hidden": 128
  },
  "curve": {
    "train_loss": [
      1.4044443431736409,
      1.1720658958017043,
      1.1199621315174175,
      1.0832368588985697,
      1.052694906877843,
      1.0189597051716721,
      0.9854111460049932,
      0.9468293203385466,
      0.9036012552758519,
      0.8565331396529418,
      0.8061242860003545,
      0.7536431778528803,
      0.7052836747692641,
      0.6684918760072629,
      0.6453194593790286
    ],
    "train_acc": [
      0.46783699854236643,
      0.5576127402605633,
      0.5741356051895377,
      0.5883497958407649,
      0.5981910858012005,
      0.6096258136945126,
      0.6231066607516319,
      0.6356640380976524,
      0.6530560509900138,
      0.6713534263442369,
      0.6918146179823093,
      0.7139688374240627,
      0.7351452654070056,
      0.7521298651915295,
      0.7624600508813704
    ],
    "val_loss": [
      1.2290940048486345,
      1.141184400237679,
      1.1633507673867833,
      1.1048830913906769,
      1.0981701219252844,
      1.0732399618454675,
      1.0647667613769292,
      1.0499400557874856,
      1.0631305801510966,
      1.0719606301308922,
      1.0546345026894064,
      1.0787818161418572,
      1.0913137295410873,
      1.1055315650581847,
      1.1133996411439182
    ],
    "val_acc": [
      0.5391134289439374,
      0.5664928292046936,
      0.5475880052151239,
      0.5808344198174706,
      0.5790417209908736,
      0.5892275097783573,
      0.5957464146023468,
      0.5970501955671447,
      0.5994947848761408,
      0.5898794002607562,
      0.5996577574967406,
      0.6003096479791395,
      0.598109517601043,
      0.5996577574967406,
      0.6004726205997393
    ],
    "lr": [
      0.0003,
      0.0002967549187089701,
      0.0002871615004599262,
      0.00027163902366467965,
      0.0002508658950442904,
      0.00022574999999999993,
      0.00019738902366467964,
      0.0001670224767952465,
      0.00013597752320475344,
      0.0001056109763353203,
      7.725000000000002e-05,
      5.213410495570958e-05,
      3.136097633532031e-05,
      1.5838499540073748e-05,
      6.245081291029853e-06
    ],
    "best_val_acc": 0.6004726205997393
  },
  "n_demos": 122725,
  "hparams": {
    "epochs": 15,
    "batch_size": 128,
    "lr": 0.0003,
    "weight_decay": 0.0001,
    "val_frac": 0.1
  },
  "best_val_acc": 0.6004726205997393
}