{
  "cfg": {
    "grid_h": 50,
    "grid_w": 50,
    "n_channels": 12,
    "backbone_channels": 64,
    "n_blocks": 6,
    "n_action_channels": 8,
    "value_hidden": 128
  },
  "curve": {
    "train_loss": [
      1.7464467703651028,
      1.5366088486820886,
      1.4797221398104907,
      1.4449442280397218,
      1.4145585075402018,
      1.3856629790125699,
      1.355456058270317,
      1.3245641121198557,
      1.2861595891163538,
      1.2427205075228498,
      1.1985740889957388,
      1.14876817137185,
      1.103294443197439,
      1.0680831864557379,
      1.0461929402403283
    ],
    "train_acc": [
      0.29646168635842096,
      0.3848730114429249,
      0.407428081165173,
      0.41950155570027187,
      0.43291882449013347,
      0.4441550118357263,
      0.4550810928148355,
      0.4674439999586525,
      0.48234977930763584,
      0.49971573583072326,
      0.5205755574161938,
      0.5433373647160976,
      0.565478959283034,
      0.582079986768795,
      0.5920964224062186
    ],
    "val_loss": [
      1.5860529523504003,
      1.5008348327801386,
      1.4809391249921868,
      1.4418962616866795,
      1.4254808467602729,
      1.4094441561424318,
      1.4036940456556823,
      1.4040724491449785,
      1.3986774330660847,
      1.410890307201542,
      1.4098112372667115,
      1.4231376878626791,
      1.448014395881757,
      1.4609414974648804,
      1.4655312827292437
    ],
    "val_acc": [
      0.35510280026048935,
      0.39761838310540515,
      0.3948274258070518,
      0.42236487115080473,
      0.4281328495674016,
      0.4306447111359196,
      0.4255279560889385,
      0.4321332216950414,
      0.431761094055261,
      0.4337147641641083,
      0.4323192855149316,
      0.4230160945204205,
      0.42906316866685273,
      0.4221788073309145,
      0.4240394455298167
    ],
    "lr": [
      0.0003,
      0.0002967549187089701,
      0.0002871615004599262,
      0.00027163902366467965,
      0.0002508658950442904,
      0.00022574999999999993,
      0.00019738902366467964,
      0.0001670224767952465,
      0.00013597752320475344,
      0.0001056109763353203,
      7.725000000000002e-05,
      5.213410495570958e-05,
      3.136097633532031e-05,
      1.5838499540073748e-05,
      6.245081291029853e-06
    ],
    "best_val_acc": 0.4337147641641083
  },
  "n_demos": 107490,
  "hparams": {
    "epochs": 15,
    "batch_size": 128,
    "lr": 0.0003,
    "weight_decay": 0.0001,
    "val_frac": 0.1
  },
  "best_val_acc": 0.4337147641641083
}