{
  "cfg": {
    "grid_h": 50,
    "grid_w": 50,
    "n_channels": 12,
    "backbone_channels": 32,
    "n_blocks": 3,
    "n_action_channels": 8,
    "value_hidden": 128
  },
  "curve": {
    "train_loss": [
      1.822145473641482,
      1.6219940745654693,
      1.5557665281479334,
      1.5247580570739931,
      1.4973297132880234,
      1.4743332282537254,
      1.4540735867508952,
      1.433853894065171,
      1.4157135337377067,
      1.395238617085581,
      1.3795118526518737,
      1.3639991829292055,
      1.3504021521004805,
      1.3417588282143593,
      1.3361630773834137
    ],
    "train_acc": [
      0.27428908115483613,
      0.35844161213963055,
      0.3836325859769901,
      0.39628492572952523,
      0.40635304576136283,
      0.4148913077185475,
      0.4242048355919414,
      0.43199884226956514,
      0.43858343411790246,
      0.4471113591962043,
      0.45236249366866166,
      0.4595672982499664,
      0.46593481564176514,
      0.4699455246482877,
      0.47348073722620193
    ],
    "val_loss": [
      1.6689666810507264,
      1.5866614400381176,
      1.5553353916756973,
      1.529597007104858,
      1.5121738278751584,
      1.4892621222668243,
      1.4822909097603192,
      1.473341301348345,
      1.4677320333600254,
      1.4771768632229234,
      1.4654638524809176,
      1.4573046589953498,
      1.4619073778188487,
      1.4541976890382973,
      1.4548814982766385
    ],
    "val_acc": [
      0.3421713647781189,
      0.37836077774676713,
      0.3822681179644618,
      0.38961763885012557,
      0.40273513815238626,
      0.4038515210717276,
      0.40971253139826963,
      0.4049679039910689,
      0.4126895525165132,
      0.4122243929667876,
      0.4146432226253605,
      0.4172481161038236,
      0.41501535026514097,
      0.4205972648618476,
      0.4206902967717927
    ],
    "lr": [
      0.0003,
      0.0002967549187089701,
      0.0002871615004599262,
      0.00027163902366467965,
      0.0002508658950442904,
      0.00022574999999999993,
      0.00019738902366467964,
      0.0001670224767952465,
      0.00013597752320475344,
      0.0001056109763353203,
      7.725000000000002e-05,
      5.213410495570958e-05,
      3.136097633532031e-05,
      1.5838499540073748e-05,
      6.245081291029853e-06
    ],
    "best_val_acc": 0.4206902967717927
  },
  "n_demos": 107490,
  "hparams": {
    "epochs": 15,
    "batch_size": 128,
    "lr": 0.0003,
    "weight_decay": 0.0001,
    "val_frac": 0.1
  },
  "best_val_acc": 0.4206902967717927
}