{
  "cfg": {
    "grid_h": 50,
    "grid_w": 50,
    "n_channels": 12,
    "backbone_channels": 32,
    "n_blocks": 3,
    "n_action_channels": 8,
    "value_hidden": 128
  },
  "curve": {
    "train_loss": [
      1.7603066877431506,
      1.4426869649464586,
      1.3566139867054239,
      1.314461795669713,
      1.2791155329225044,
      1.2511042814343893,
      1.225891134748309,
      1.2066391542546773,
      1.190205229137119,
      1.180941063226855
    ],
    "train_acc": [
      0.32601096515435846,
      0.46224748868528537,
      0.49322956912094784,
      0.5072671744489826,
      0.5200353239871951,
      0.5303197556757553,
      0.5408985539242742,
      0.5474666077933547,
      0.5534459285425176,
      0.5570335209920153
    ],
    "val_loss": [
      1.5740233874711833,
      1.4100709862416105,
      1.4025465966376431,
      1.3577447149962418,
      1.3235124744984423,
      1.3102330983050277,
      1.303050880539514,
      1.2969581514305775,
      1.294069383965164,
      1.2914239839521302
    ],
    "val_acc": [
      0.40221891041563174,
      0.47557542639509853,
      0.4764033780427223,
      0.49345918198377214,
      0.49743334989236626,
      0.5138267925153172,
      0.510514985924822,
      0.5116741182314953,
      0.5168074184467627,
      0.5138267925153172
    ],
    "lr": [
      0.0003,
      0.00029273189266983027,
      0.00027163902366467965,
      0.00023878610996543221,
      0.00019738902366467966,
      0.00015149999999999997,
      0.0001056109763353203,
      6.421389003456775e-05,
      3.1360976335320314e-05,
      1.0268107330169699e-05
    ],
    "best_val_acc": 0.5168074184467627
  },
  "n_demos": 60393,
  "hparams": {
    "epochs": 10,
    "batch_size": 256,
    "lr": 0.0003,
    "weight_decay": 0.0001,
    "val_frac": 0.1
  },
  "best_val_acc": 0.5168074184467627
}