{
  "cfg": {
    "grid_h": 50,
    "grid_w": 50,
    "n_channels": 12,
    "backbone_channels": 32,
    "n_blocks": 3,
    "n_action_channels": 8,
    "value_hidden": 128
  },
  "curve": {
    "train_loss": [
      1.8491800726546235,
      1.6375864742690676,
      1.5797825812467248,
      1.531459319624998,
      1.5004113932026824,
      1.4766046463919702,
      1.451177469367956,
      1.429250584442413,
      1.4072323921526348,
      1.385970485191188,
      1.3659657705796693,
      1.3483760114310712,
      1.3336508674932692,
      1.322386797450097,
      1.3161496820718774
    ],
    "train_acc": [
      0.27091175240485155,
      0.35727728983688833,
      0.3794586843520344,
      0.39638226683396066,
      0.40821234390870526,
      0.41844416562107906,
      0.42534504391468003,
      0.4347254585648563,
      0.4442701798410707,
      0.45356097269522616,
      0.4617016191671148,
      0.46858756049471234,
      0.4752494473322579,
      0.47962597837127324,
      0.48250881280994207
    ],
    "val_loss": [
      1.6827842459046543,
      1.6824913789072675,
      1.553125881514071,
      1.5965062264762728,
      1.5552076117650704,
      1.505680499393538,
      1.585786084777471,
      1.4759854980616456,
      1.4939295555129106,
      1.4692939600338055,
      1.4698045073609483,
      1.4704140162846195,
      1.4569424954624899,
      1.462061342484017,
      1.4588024850236565
    ],
    "val_acc": [
      0.34834632965851037,
      0.33866630814735144,
      0.3819575154611455,
      0.380344178542619,
      0.38491529981177736,
      0.4001075557945684,
      0.3983597741328314,
      0.41637536972304384,
      0.4105942457649906,
      0.41570314600699115,
      0.41650981446625435,
      0.4194675988168863,
      0.4226942726539392,
      0.41866093035762303,
      0.42148426996504434
    ],
    "lr": [
      0.0003,
      0.0002967549187089701,
      0.0002871615004599262,
      0.00027163902366467965,
      0.0002508658950442904,
      0.00022574999999999993,
      0.00019738902366467964,
      0.0001670224767952465,
      0.00013597752320475344,
      0.0001056109763353203,
      7.725000000000002e-05,
      5.213410495570958e-05,
      3.136097633532031e-05,
      1.5838499540073748e-05,
      6.245081291029853e-06
    ],
    "best_val_acc": 0.4226942726539392
  },
  "n_demos": 74386,
  "hparams": {
    "epochs": 15,
    "batch_size": 128,
    "lr": 0.0003,
    "weight_decay": 0.0001,
    "val_frac": 0.1
  },
  "best_val_acc": 0.4226942726539392
}