{
  "cfg": {
    "grid_h": 50,
    "grid_w": 50,
    "n_channels": 12,
    "backbone_channels": 32,
    "n_blocks": 3,
    "n_action_channels": 8,
    "value_hidden": 128
  },
  "training_history": {
    "train_loss": [
      1.5977771653365886,
      1.5647768877125567,
      1.5535298434923406,
      1.5464792422726363,
      1.5414161351406386,
      1.537872152264616,
      1.5348535510551733,
      1.5331271823370543,
      1.5300503820115232,
      1.5291140959989218,
      1.5262265096017944,
      1.5255512761220833,
      1.5236979104080126,
      1.5222093645797445,
      1.5219868149454399,
      1.5206396209202937,
      1.5192739075266275,
      1.5186065303246608,
      1.5185188161147012,
      1.5172245932054003
    ],
    "val_loss": [
      1.515590726761591,
      1.4999354370056637,
      1.493430937661065,
      1.4893987322610522,
      1.4839803691894289,
      1.4795529668293301,
      1.4792516235321287,
      1.4745587246758598,
      1.4717907413603768,
      1.472351952961513,
      1.4696555254951356,
      1.4690556389944893,
      1.4650175295178853,
      1.4646403732753934,
      1.4658993194973657,
      1.4626195275594318,
      1.4632153810016693,
      1.4599481049038114,
      1.4629260619481406,
      1.4632630556348771
    ],
    "wall_seconds": [
      17.19082120002713,
      34.478381900000386,
      51.266067899996415,
      68.77603059995454,
      85.62255910004023,
      102.49405860004481,
      119.06409620004706,
      136.41530480002984,
      153.60138120001648,
      171.04339190002065,
      188.88844490004703,
      205.2003992999671,
      222.84223139996175,
      239.55694439995568,
      256.4694742000429,
      273.84698989999015,
      290.94875239999965,
      307.7670175000094,
      324.6674148000311,
      341.73981930001173
    ]
  },
  "n_demos": 12607,
  "n_train": 11347,
  "n_val": 1260,
  "source_bc_checkpoint": "runs\\closed_loop_iter1_postfix\\value_head_iter1.pt",
  "source_demos": "runs\\closed_loop_iter1_postfix\\demos_iter1.npz"
}