{
  "cfg": {
    "grid_h": 50,
    "grid_w": 50,
    "n_channels": 12,
    "backbone_channels": 32,
    "n_blocks": 3,
    "n_action_channels": 8,
    "value_hidden": 128
  },
  "training_history": {
    "train_mse": [
      0.7777660392323937,
      0.7044937761069248,
      0.6427743913234988,
      0.5794505125532657,
      0.5300321512635378,
      0.48937818446621195,
      0.45389486057564815,
      0.41970284490256704,
      0.3904808506079368,
      0.3605294515852929,
      0.3365889352891501,
      0.3194653407097745,
      0.30118352164253115,
      0.2869468365927315,
      0.2744895529855219,
      0.2656154094815958,
      0.254473776163651,
      0.24565825629015794,
      0.23756028940822202,
      0.2316774501142454,
      0.2265785407342921,
      0.2205541685934034,
      0.21609154339402722,
      0.21174143472095622,
      0.2057145729147517,
      0.2031481103602092,
      0.20053120541306774,
      0.20048090866759893,
      0.19481183341618538,
      0.1936164283748239
    ],
    "val_mse": [
      0.7226733565330505,
      0.6711161136627197,
      0.6063517928123474,
      0.552129328250885,
      0.511286199092865,
      0.47050970792770386,
      0.43755826354026794,
      0.4103425443172455,
      0.37492501735687256,
      0.3502463102340698,
      0.331386923789978,
      0.31296947598457336,
      0.2987824082374573,
      0.2861054539680481,
      0.2761895954608917,
      0.26520299911499023,
      0.26299524307250977,
      0.25499415397644043,
      0.2436712086200714,
      0.2365686595439911,
      0.23475158214569092,
      0.2258628010749817,
      0.22189900279045105,
      0.2188912332057953,
      0.21733886003494263,
      0.20987023413181305,
      0.20923350751399994,
      0.2084478884935379,
      0.2012651264667511,
      0.1977083534002304
    ],
    "wall_seconds": [
      17.30628599994816,
      34.37483300000895,
      51.53126570000313,
      68.54565610003192,
      83.0721100999508,
      97.25010239996482,
      111.6448437999934,
      126.14964129996952,
      140.52607240004,
      154.77674949995708,
      169.03345139999874,
      183.28277709998656,
      197.1975863999687,
      211.4241527999984,
      225.58020219998434,
      239.39680660003796,
      253.76672389998566,
      268.1153852000134,
      282.35533279995434,
      296.6075756000355,
      310.63932940002996,
      324.84923229995184,
      339.14298530004453,
      353.30647619999945,
      367.2038524999516,
      381.2979435999878,
      395.6230477000354,
      409.76645899994764,
      424.0171830999898,
      437.8472645999864
    ]
  },
  "n_demos": 12607,
  "n_train": 11347,
  "n_val": 1260,
  "source_bc_checkpoint": "runs\\bc_warmstart_small_cpu.pt",
  "source_demos": "runs\\closed_loop_iter1_postfix\\demos_iter1.npz"
}