{
  "cfg": {
    "grid_h": 50,
    "grid_w": 50,
    "n_channels": 12,
    "backbone_channels": 32,
    "n_blocks": 3,
    "n_action_channels": 8,
    "value_hidden": 128
  },
  "training_history": {
    "train_mse": [
      0.7633277934464063,
      0.6018554693921033,
      0.5332284800186929,
      0.5026059540662446,
      0.48756086600501364,
      0.4788696838083558,
      0.4703348185855411,
      0.46438765312891994,
      0.4581984812005195,
      0.45307792757855364,
      0.4486445549344501,
      0.44272156502992815,
      0.4372013000806536,
      0.43379097654578025,
      0.4304511756567128,
      0.42572904115425203,
      0.42035745391831814,
      0.4191778214394224,
      0.4184061594424836,
      0.4133765154489873,
      0.4115952111626323,
      0.40797336323023564,
      0.40717336408184956,
      0.4063121731440719,
      0.4036677821552853,
      0.40123569440226503,
      0.39964645776377217,
      0.40208936915718596,
      0.39891551855045804,
      0.3958685306020491
    ],
    "val_mse": [
      0.6739266514778137,
      0.560761570930481,
      0.529369592666626,
      0.49547794461250305,
      0.5044952630996704,
      0.48287615180015564,
      0.477742463350296,
      0.4633236825466156,
      0.4575282335281372,
      0.45359888672828674,
      0.45185571908950806,
      0.4415607750415802,
      0.44492971897125244,
      0.4354378283023834,
      0.43773263692855835,
      0.42637741565704346,
      0.42502361536026,
      0.425530344247818,
      0.41425591707229614,
      0.42368388175964355,
      0.4087944030761719,
      0.40666747093200684,
      0.40494439005851746,
      0.4025711119174957,
      0.4057382345199585,
      0.39880305528640747,
      0.40047451853752136,
      0.42780959606170654,
      0.3945438861846924,
      0.3942900598049164
    ],
    "wall_seconds": [
      58.41885109990835,
      111.53266699996311,
      164.48522009991575,
      223.7044545999961,
      282.9241750999354,
      339.7845660999883,
      399.24952019995544,
      457.82008829992265,
      515.7651837000158,
      573.555401199963,
      630.2698356999317,
      685.9867129999911,
      741.798790599918,
      800.2834749999456,
      857.965057299938,
      915.065552999964,
      971.7749484999804,
      1028.4796326999785,
      1086.5685467999429,
      1143.518783699954,
      1200.4317285999423,
      1257.137810699991,
      1314.0998179999879,
      1370.6913859000197,
      1427.2746154000051,
      1483.7105424000183,
      1540.5530523000052,
      1597.0770968999714,
      1653.714457099908,
      1710.6995704999426
    ]
  },
  "n_demos": 40823,
  "n_train": 36741,
  "n_val": 4082,
  "source_bc_checkpoint": "runs\\bc_warmstart_small_cpu.pt",
  "source_demos": "runs\\closed_loop_iter1_postfix\\demos_iter1_big.npz"
}